<?xml version="1.0" encoding="UTF-8"?>
<!DOCTYPE mapper
        PUBLIC "-//mybatis.org//DTD Mapper 3.0//EN"
        "https://mybatis.org/dtd/mybatis-3-mapper.dtd">
<mapper namespace="com.ssafy.test.dao.BoardDao">
    <resultMap type="Board" id="boardMap">
        <result column="id" property="id"/>
        <result column="writer" property="writer"/>
        <result column="title" property="title"/>
        <result column="content" property="content"/>
        <result column="view_cnt" property="viewCnt"/>
        <result column="reg_date" property="regDate"/>
    </resultMap>

    <!-- 전체글 조회 -->
    <select id="selectAll" resultType="Board">
        SELECT id, content, writer, title, view_cnt as viewCnt, date_format(reg_date, '%y-%m-%d %H:%i:%s') as regDate
        FROM board;
    </select>

    <!-- 상세글 조회 -->
    <select id="selectOne" parameterType="int"  resultMap="boardMap">
        SELECT id, content, writer, title, view_cnt, date_format(reg_date, '%y-%m-%d') as reg_date
        FROM board
        WHERE id = #{id};
    </select>

    <!-- 게시글 등록 -->
    <insert id="insertBoard" parameterType="Board" keyProperty="id" useGeneratedKeys="true">
        INSERT INTO board (id, title, writer, content)
        VALUES (#{id}, #{title}, #{writer}, #{content})
    </insert>

    <!-- 게시글 삭제 -->
    <delete id="deleteBoard" parameterType="int">
        DELETE FROM board
        WHERE id = #{id}
    </delete>

    <!-- 조회수 증가 -->
    <update id="updateViewCnt" parameterType="int">
        UPDATE board
        SET view_cnt = view_cnt+1
        WHERE id = #{id}
    </update>


    <!-- 게시글 수정 -->
    <!-- 지금 게시글 날짜는 등록 날짜만 존재한다. 나중에 수정날짜도 같이 관리하게 된다면의 상황을보자ㅏ... -->
    <update id="updateBoard" parameterType="Board">
        UPDATE board
        SET title = #{title}, content=#{content}, reg_date = now()
        WHERE id=#{id}
    </update>

    <!-- 검색기능 -->
    <select id="search" resultType="Board" parameterType="SearchCondition" >
        SELECT id, content, writer, title, view_cnt as viewCnt, date_format(reg_date, '%y-%m-%d %H:%i:%s') as regDate
        FROM board
        <!-- 어떤 기준을 가지고 검색을 할거냐!!! -->
        <if test="key != 'none'">
            WHERE ${key} LIKE concat('%', #{word}, '%')
        </if>
        <!-- 어떤 기준으로 어떤 방향으로 정렬할래? -->
        <if test="orderBy != 'none'">
            ORDER BY ${orderBy} ${orderByDir}
        </if>


    </select>















</mapper>